{"cameraMode":{"drawMode":0,"name":"Shaded","section":"Shading Mode"},"sceneLighting":true,"audioPlay":false,"sceneViewState":{"showFog":true,"showMaterialUpdate":true,"showSkybox":true,"showFlares":true,"showImageEffects":true,"showParticleSystems":true},"in2DMode":false,"pivot":{"x":7.883780002593994,"y":-7.161114692687988,"z":-9.353384971618653},"rotation":{"x":-0.2704703211784363,"y":-0.5363350510597229,"z":0.18659920990467072,"w":-0.7774286270141602},"size":9.036051750183106,"orthographic":false}