{"cameraMode":{"drawMode":0,"name":"Shaded","section":"Shading Mode"},"sceneLighting":false,"audioPlay":false,"sceneViewState":{"showFog":true,"showMaterialUpdate":true,"showSkybox":false,"showFlares":true,"showImageEffects":true,"showParticleSystems":true},"in2DMode":false,"pivot":{"x":0.203302264213562,"y":0.014963328838348389,"z":-0.16447103023529054},"rotation":{"x":0.04055343195796013,"y":-0.4190931022167206,"z":-0.018745115026831628,"w":-0.9068559408187866},"size":0.4330126941204071,"orthographic":false}